Condition,N,Compliance_Count,Compliance_Rate,Compliance_Pct,CI_95,CI_Pct
Free_Tier_Baseline,50,8,0.16,16.0,0.10161801415103525,10.161801415103525
Paid_Tier_Baseline,50,13,0.26,26.0,0.12158320936708325,12.158320936708325
Free_Tier_Force_Compliance,50,23,0.46,46.0,0.1381487198637758,13.81487198637758
Paid_Tier_Force_Compliance,50,27,0.54,54.0,0.1381487198637758,13.81487198637758
Free_Tier_Awareness_Monitored,50,3,0.06,6.0,0.06582799404508692,6.582799404508692
Paid_Tier_Awareness_Private,50,15,0.3,30.0,0.12702251768879405,12.702251768879405
